img0,img1,mean_conf,mean_err(px),AUC@1,AUC@2,AUC@5,AUC@10
TIMELAPSE_0244.JPG,TIMELAPSE_0246.JPG,0.8356,2.507,0.000,0.271,0.989,0.995
TIMELAPSE_0245.JPG,TIMELAPSE_0247.JPG,0.8244,3.374,0.001,0.041,0.980,0.992
TIMELAPSE_0246.JPG,TIMELAPSE_0248.JPG,0.8159,5.671,0.008,0.025,0.877,0.975
TIMELAPSE_0247.JPG,TIMELAPSE_0249.JPG,0.8192,38.956,0.001,0.017,0.079,0.351
TIMELAPSE_0248.JPG,TIMELAPSE_0250.JPG,0.8255,10.600,0.001,0.019,0.821,0.969
TIMELAPSE_0249.JPG,TIMELAPSE_0251.JPG,0.8039,2.779,0.002,0.028,0.990,0.995
TIMELAPSE_0250.JPG,TIMELAPSE_0252.JPG,0.8228,3.086,0.000,0.026,0.988,0.994
TIMELAPSE_0251.JPG,TIMELAPSE_0253.JPG,0.8187,1.983,0.000,0.971,0.996,0.998
TIMELAPSE_0252.JPG,TIMELAPSE_0254.JPG,0.8150,1.801,0.000,0.985,0.997,0.998
TIMELAPSE_0253.JPG,TIMELAPSE_0255.JPG,0.8380,1.772,0.000,0.977,0.994,0.997
TIMELAPSE_0254.JPG,TIMELAPSE_0256.JPG,0.8214,1.459,0.011,0.988,0.997,0.998
TIMELAPSE_0255.JPG,TIMELAPSE_0257.JPG,0.8229,1.570,0.001,0.987,0.997,0.998
TIMELAPSE_0256.JPG,TIMELAPSE_0258.JPG,0.8292,1.782,0.000,0.983,0.996,0.998
TIMELAPSE_0257.JPG,TIMELAPSE_0259.JPG,0.8246,1.526,0.003,0.987,0.997,0.999
TIMELAPSE_0258.JPG,TIMELAPSE_0260.JPG,0.8228,1.743,0.000,0.979,0.995,0.998
TIMELAPSE_0259.JPG,TIMELAPSE_0261.JPG,0.8426,1.876,0.000,0.966,0.993,0.997
TIMELAPSE_0260.JPG,TIMELAPSE_0262.JPG,0.8498,1.573,0.000,0.985,0.996,0.998
TIMELAPSE_0261.JPG,TIMELAPSE_0263.JPG,0.8594,1.690,0.000,0.980,0.994,0.997
TIMELAPSE_0262.JPG,TIMELAPSE_0264.JPG,0.8310,1.821,0.000,0.981,0.995,0.997
TIMELAPSE_0263.JPG,TIMELAPSE_0265.JPG,0.8276,1.913,0.000,0.971,0.994,0.997
TIMELAPSE_0264.JPG,TIMELAPSE_0266.JPG,0.8655,2.567,0.000,0.825,0.991,0.996
TIMELAPSE_0265.JPG,TIMELAPSE_0267.JPG,0.8170,14.328,0.012,0.051,0.737,0.930
TIMELAPSE_0266.JPG,TIMELAPSE_0268.JPG,0.8228,86.691,0.004,0.032,0.135,0.347
TIMELAPSE_0267.JPG,TIMELAPSE_0269.JPG,0.8669,21.677,0.002,0.064,0.325,0.746
TIMELAPSE_0268.JPG,TIMELAPSE_0270.JPG,0.8480,5.262,0.005,0.095,0.957,0.982
TIMELAPSE_0269.JPG,TIMELAPSE_0271.JPG,0.8564,2.415,0.000,0.751,0.989,0.995
TIMELAPSE_0270.JPG,TIMELAPSE_0272.JPG,0.8631,2.325,0.000,0.935,0.993,0.996
TIMELAPSE_0271.JPG,TIMELAPSE_0273.JPG,0.8546,2.392,0.001,0.487,0.990,0.995
TIMELAPSE_0272.JPG,TIMELAPSE_0274.JPG,0.8652,2.449,0.000,0.847,0.986,0.993
TIMELAPSE_0273.JPG,TIMELAPSE_0275.JPG,0.8595,1.947,0.000,0.973,0.996,0.998
TIMELAPSE_0274.JPG,TIMELAPSE_0276.JPG,0.8659,1.876,0.001,0.977,0.997,0.998
TIMELAPSE_0275.JPG,TIMELAPSE_0277.JPG,0.8747,1.988,0.000,0.969,0.993,0.996
TIMELAPSE_0276.JPG,TIMELAPSE_0278.JPG,0.8827,1.873,0.000,0.975,0.994,0.996
TIMELAPSE_0277.JPG,TIMELAPSE_0279.JPG,0.8905,1.697,0.000,0.985,0.998,0.998
TIMELAPSE_0278.JPG,TIMELAPSE_0280.JPG,0.8607,2.339,0.011,0.971,0.994,0.997
TIMELAPSE_0279.JPG,TIMELAPSE_0281.JPG,0.8830,1.843,0.000,0.976,0.994,0.997
TIMELAPSE_0280.JPG,TIMELAPSE_0282.JPG,0.8385,1.765,0.001,0.982,0.997,0.998
TIMELAPSE_0281.JPG,TIMELAPSE_0283.JPG,0.8538,1.833,0.000,0.974,0.995,0.997
TIMELAPSE_0282.JPG,TIMELAPSE_0284.JPG,0.8527,1.826,0.000,0.971,0.993,0.996
TIMELAPSE_0283.JPG,TIMELAPSE_0285.JPG,0.8643,1.902,0.000,0.969,0.993,0.996
TIMELAPSE_0284.JPG,TIMELAPSE_0286.JPG,0.8641,1.931,0.000,0.975,0.994,0.997
TIMELAPSE_0285.JPG,TIMELAPSE_0287.JPG,0.8625,1.675,0.011,0.979,0.996,0.998
TIMELAPSE_0286.JPG,TIMELAPSE_0288.JPG,0.8657,1.637,0.001,0.986,0.997,0.998
TIMELAPSE_0287.JPG,TIMELAPSE_0289.JPG,0.8791,1.729,0.000,0.986,0.998,0.999
TIMELAPSE_0288.JPG,TIMELAPSE_0290.JPG,0.8743,1.816,0.000,0.977,0.997,0.998
TIMELAPSE_0289.JPG,TIMELAPSE_0291.JPG,0.8686,2.062,0.000,0.948,0.994,0.997
TIMELAPSE_0290.JPG,TIMELAPSE_0292.JPG,0.8706,2.165,0.000,0.909,0.993,0.996
TIMELAPSE_0291.JPG,TIMELAPSE_0293.JPG,0.8715,1.649,0.000,0.986,0.997,0.998
TIMELAPSE_0292.JPG,TIMELAPSE_0294.JPG,0.8777,1.661,0.000,0.990,0.998,0.999
TIMELAPSE_0293.JPG,TIMELAPSE_0295.JPG,0.8600,1.964,0.000,0.968,0.994,0.997
TIMELAPSE_0294.JPG,TIMELAPSE_0296.JPG,0.8733,1.747,0.000,0.982,0.996,0.998
TIMELAPSE_0295.JPG,TIMELAPSE_0297.JPG,0.8741,1.665,0.001,0.986,0.997,0.998
TIMELAPSE_0296.JPG,TIMELAPSE_0298.JPG,0.8870,4.039,0.000,0.967,0.992,0.996
TIMELAPSE_0297.JPG,TIMELAPSE_0299.JPG,0.8620,1.684,0.023,0.979,0.996,0.998
TIMELAPSE_0298.JPG,TIMELAPSE_0300.JPG,0.8591,1.651,0.005,0.967,0.992,0.996
TIMELAPSE_0299.JPG,TIMELAPSE_0301.JPG,0.8647,1.887,0.000,0.964,0.995,0.997
TIMELAPSE_0300.JPG,TIMELAPSE_0302.JPG,0.8562,1.839,0.003,0.973,0.997,0.998
TIMELAPSE_0301.JPG,TIMELAPSE_0303.JPG,0.8614,1.927,0.001,0.954,0.993,0.996
TIMELAPSE_0302.JPG,TIMELAPSE_0304.JPG,0.8696,4.751,0.000,0.966,0.992,0.995
TIMELAPSE_0303.JPG,TIMELAPSE_0305.JPG,0.8962,1.591,0.005,0.986,0.998,0.998
TIMELAPSE_0304.JPG,TIMELAPSE_0306.JPG,0.8546,1.889,0.000,0.969,0.994,0.997
TIMELAPSE_0305.JPG,TIMELAPSE_0307.JPG,0.9054,2.056,0.000,0.951,0.990,0.995
TIMELAPSE_0306.JPG,TIMELAPSE_0308.JPG,0.8615,1.722,0.003,0.967,0.995,0.997
TIMELAPSE_0307.JPG,TIMELAPSE_0309.JPG,0.8747,2.048,0.000,0.961,0.993,0.997
TIMELAPSE_0308.JPG,TIMELAPSE_0310.JPG,0.8652,2.145,0.000,0.955,0.991,0.995
TIMELAPSE_0309.JPG,TIMELAPSE_0311.JPG,0.8721,1.643,0.001,0.982,0.997,0.998
TIMELAPSE_0310.JPG,TIMELAPSE_0312.JPG,0.8667,1.696,0.000,0.987,0.998,0.999
TIMELAPSE_0311.JPG,TIMELAPSE_0313.JPG,0.8715,1.730,0.000,0.978,0.995,0.997
TIMELAPSE_0312.JPG,TIMELAPSE_0314.JPG,0.8601,1.542,0.004,0.985,0.997,0.998
TIMELAPSE_0313.JPG,TIMELAPSE_0315.JPG,0.8835,1.673,0.000,0.986,0.997,0.998
TIMELAPSE_0314.JPG,TIMELAPSE_0316.JPG,0.8658,2.471,0.000,0.920,0.989,0.995
TIMELAPSE_0315.JPG,TIMELAPSE_0317.JPG,0.8748,1.799,0.000,0.980,0.996,0.998
TIMELAPSE_0316.JPG,TIMELAPSE_0318.JPG,0.8407,1.748,0.001,0.980,0.997,0.998
TIMELAPSE_0317.JPG,TIMELAPSE_0319.JPG,0.8694,1.728,0.001,0.985,0.998,0.998
TIMELAPSE_0318.JPG,TIMELAPSE_0320.JPG,0.8616,1.757,0.000,0.973,0.994,0.997
TIMELAPSE_0319.JPG,TIMELAPSE_0321.JPG,0.8645,2.007,0.000,0.944,0.995,0.997
TIMELAPSE_0320.JPG,TIMELAPSE_0322.JPG,0.8737,1.884,0.000,0.975,0.995,0.997
TIMELAPSE_0321.JPG,TIMELAPSE_0323.JPG,0.8751,1.714,0.000,0.977,0.996,0.998
TIMELAPSE_0322.JPG,TIMELAPSE_0324.JPG,0.8803,1.788,0.000,0.984,0.998,0.999
TIMELAPSE_0323.JPG,TIMELAPSE_0325.JPG,0.8765,1.933,0.000,0.979,0.995,0.997
TIMELAPSE_0324.JPG,TIMELAPSE_0326.JPG,0.8880,1.451,0.009,0.984,0.997,0.998
TIMELAPSE_0325.JPG,TIMELAPSE_0327.JPG,0.8543,1.545,0.005,0.981,0.995,0.997
TIMELAPSE_0326.JPG,TIMELAPSE_0328.JPG,0.8562,1.846,0.000,0.966,0.993,0.996
TIMELAPSE_0327.JPG,TIMELAPSE_0329.JPG,0.8530,1.827,0.000,0.978,0.996,0.998
TIMELAPSE_0328.JPG,TIMELAPSE_0330.JPG,0.8508,2.060,0.000,0.950,0.995,0.997
TIMELAPSE_0329.JPG,TIMELAPSE_0331.JPG,0.8547,2.438,0.000,0.935,0.994,0.996
TIMELAPSE_0330.JPG,TIMELAPSE_0332.JPG,0.8618,1.698,0.004,0.987,0.997,0.998
TIMELAPSE_0331.JPG,TIMELAPSE_0333.JPG,0.8749,1.582,0.002,0.987,0.997,0.998
TIMELAPSE_0332.JPG,TIMELAPSE_0334.JPG,0.8778,1.845,0.000,0.975,0.994,0.996
TIMELAPSE_0333.JPG,TIMELAPSE_0335.JPG,0.8812,2.006,0.000,0.961,0.990,0.994
TIMELAPSE_0334.JPG,TIMELAPSE_0336.JPG,0.8713,1.871,0.000,0.962,0.993,0.996
TIMELAPSE_0335.JPG,TIMELAPSE_0337.JPG,0.8498,1.909,0.001,0.957,0.994,0.997
TIMELAPSE_0336.JPG,TIMELAPSE_0338.JPG,0.8435,1.800,0.001,0.967,0.992,0.995
TIMELAPSE_0337.JPG,TIMELAPSE_0339.JPG,0.8502,1.643,0.000,0.984,0.997,0.998
TIMELAPSE_0338.JPG,TIMELAPSE_0340.JPG,0.8590,1.889,0.000,0.965,0.992,0.996
TIMELAPSE_0339.JPG,TIMELAPSE_0341.JPG,0.8503,1.631,0.003,0.984,0.997,0.998
TIMELAPSE_0340.JPG,TIMELAPSE_0342.JPG,0.8693,1.849,0.001,0.978,0.998,0.999
TIMELAPSE_0341.JPG,TIMELAPSE_0343.JPG,0.8730,1.866,0.000,0.980,0.998,0.999
TIMELAPSE_0342.JPG,TIMELAPSE_0344.JPG,0.8744,1.822,0.001,0.978,0.997,0.998
TIMELAPSE_0343.JPG,TIMELAPSE_0345.JPG,0.8789,1.986,0.000,0.963,0.993,0.996
TIMELAPSE_0344.JPG,TIMELAPSE_0346.JPG,0.8559,2.337,0.000,0.957,0.990,0.995
TIMELAPSE_0345.JPG,TIMELAPSE_0347.JPG,0.8635,2.292,0.000,0.934,0.988,0.994
TIMELAPSE_0346.JPG,TIMELAPSE_0348.JPG,0.8610,1.931,0.000,0.956,0.991,0.995
TIMELAPSE_0347.JPG,TIMELAPSE_0349.JPG,0.8518,1.757,0.005,0.974,0.996,0.998
TIMELAPSE_0348.JPG,TIMELAPSE_0350.JPG,0.8458,1.643,0.001,0.984,0.997,0.998
TIMELAPSE_0349.JPG,TIMELAPSE_0351.JPG,0.8406,1.748,0.000,0.980,0.995,0.997
TIMELAPSE_0350.JPG,TIMELAPSE_0352.JPG,0.8493,1.740,0.000,0.979,0.996,0.998
TIMELAPSE_0351.JPG,TIMELAPSE_0353.JPG,0.8474,2.776,0.000,0.964,0.990,0.995
TIMELAPSE_0352.JPG,TIMELAPSE_0354.JPG,0.8430,1.873,0.000,0.965,0.991,0.995
TIMELAPSE_0353.JPG,TIMELAPSE_0355.JPG,0.8391,1.796,0.005,0.968,0.995,0.998
TIMELAPSE_0354.JPG,TIMELAPSE_0356.JPG,0.8449,2.362,0.000,0.918,0.989,0.994
TIMELAPSE_0355.JPG,TIMELAPSE_0357.JPG,0.8494,2.319,0.001,0.850,0.990,0.994
TIMELAPSE_0356.JPG,TIMELAPSE_0358.JPG,0.8343,1.759,0.001,0.975,0.996,0.998
TIMELAPSE_0357.JPG,TIMELAPSE_0359.JPG,0.8379,1.867,0.000,0.962,0.991,0.995
TIMELAPSE_0358.JPG,TIMELAPSE_0360.JPG,0.8389,2.102,0.000,0.950,0.988,0.994
TIMELAPSE_0359.JPG,TIMELAPSE_0361.JPG,0.8398,1.699,0.001,0.978,0.997,0.998
TIMELAPSE_0360.JPG,TIMELAPSE_0362.JPG,0.8355,1.710,0.000,0.982,0.996,0.998
TIMELAPSE_0361.JPG,TIMELAPSE_0363.JPG,0.8549,1.837,0.000,0.970,0.994,0.997
TIMELAPSE_0362.JPG,TIMELAPSE_0364.JPG,0.8519,2.029,0.000,0.963,0.992,0.996
TIMELAPSE_0363.JPG,TIMELAPSE_0365.JPG,0.8467,1.692,0.000,0.976,0.994,0.997
TIMELAPSE_0364.JPG,TIMELAPSE_0366.JPG,0.8738,2.064,0.000,0.969,0.994,0.997
TIMELAPSE_0365.JPG,TIMELAPSE_0367.JPG,0.8573,2.434,0.000,0.578,0.988,0.994
TIMELAPSE_0366.JPG,TIMELAPSE_0368.JPG,0.8883,1.659,0.001,0.984,0.996,0.998
TIMELAPSE_0367.JPG,TIMELAPSE_0369.JPG,0.8654,1.768,0.000,0.981,0.995,0.997
TIMELAPSE_0368.JPG,TIMELAPSE_0370.JPG,0.8638,2.230,0.000,0.926,0.989,0.995
TIMELAPSE_0369.JPG,TIMELAPSE_0371.JPG,0.8672,1.860,0.000,0.980,0.995,0.997
TIMELAPSE_0370.JPG,TIMELAPSE_0372.JPG,0.8759,1.849,0.000,0.981,0.996,0.998
TIMELAPSE_0371.JPG,TIMELAPSE_0373.JPG,0.8699,2.568,0.000,0.946,0.991,0.996
TIMELAPSE_0372.JPG,TIMELAPSE_0374.JPG,0.8763,1.777,0.000,0.977,0.994,0.997
TIMELAPSE_0373.JPG,TIMELAPSE_0375.JPG,0.8433,1.693,0.004,0.981,0.996,0.998
TIMELAPSE_0374.JPG,TIMELAPSE_0376.JPG,0.8736,1.958,0.000,0.974,0.993,0.996
TIMELAPSE_0375.JPG,TIMELAPSE_0377.JPG,0.8672,1.613,0.000,0.984,0.997,0.998
TIMELAPSE_0383.JPG,TIMELAPSE_0385.JPG,0.8340,1.654,0.001,0.983,0.996,0.998
TIMELAPSE_0384.JPG,TIMELAPSE_0386.JPG,0.8270,1.545,0.001,0.983,0.996,0.997
TIMELAPSE_0385.JPG,TIMELAPSE_0387.JPG,0.8580,2.120,0.000,0.939,0.989,0.995
TIMELAPSE_0386.JPG,TIMELAPSE_0388.JPG,0.8510,1.905,0.000,0.966,0.992,0.996
TIMELAPSE_0387.JPG,TIMELAPSE_0389.JPG,0.8309,1.624,0.004,0.980,0.995,0.997
TIMELAPSE_0388.JPG,TIMELAPSE_0390.JPG,0.8627,2.011,0.000,0.974,0.995,0.997
TIMELAPSE_0389.JPG,TIMELAPSE_0391.JPG,0.8611,2.084,0.000,0.967,0.993,0.996
TIMELAPSE_0390.JPG,TIMELAPSE_0392.JPG,0.8534,1.810,0.000,0.974,0.994,0.997
TIMELAPSE_0391.JPG,TIMELAPSE_0393.JPG,0.8558,1.703,0.000,0.982,0.998,0.999
TIMELAPSE_0392.JPG,TIMELAPSE_0394.JPG,0.8526,1.887,0.000,0.969,0.994,0.997
TIMELAPSE_0393.JPG,TIMELAPSE_0395.JPG,0.8594,1.963,0.000,0.967,0.991,0.995
TIMELAPSE_0394.JPG,TIMELAPSE_0396.JPG,0.8390,1.787,0.000,0.980,0.996,0.998
TIMELAPSE_0395.JPG,TIMELAPSE_0397.JPG,0.8588,1.844,0.000,0.976,0.995,0.997
TIMELAPSE_0396.JPG,TIMELAPSE_0398.JPG,0.8662,1.921,0.000,0.967,0.994,0.996
TIMELAPSE_0397.JPG,TIMELAPSE_0399.JPG,0.8555,1.957,0.000,0.971,0.995,0.997
TIMELAPSE_0398.JPG,TIMELAPSE_0400.JPG,0.8352,1.679,0.000,0.980,0.995,0.997
TIMELAPSE_0399.JPG,TIMELAPSE_0401.JPG,0.8640,1.854,0.000,0.965,0.992,0.996
TIMELAPSE_0400.JPG,TIMELAPSE_0402.JPG,0.8565,2.036,0.000,0.967,0.993,0.997
TIMELAPSE_0401.JPG,TIMELAPSE_0403.JPG,0.8684,1.764,0.000,0.978,0.996,0.998
TIMELAPSE_0402.JPG,TIMELAPSE_0404.JPG,0.8621,1.874,0.001,0.974,0.995,0.998
TIMELAPSE_0403.JPG,TIMELAPSE_0405.JPG,0.8648,1.995,0.000,0.963,0.994,0.997
TIMELAPSE_0404.JPG,TIMELAPSE_0406.JPG,0.8550,2.021,0.000,0.967,0.994,0.997
